use spoteezer;

/*insert into artist(alias_artist) values ("stromae");
insert into artist(alias_artist) values ("imagine dragon");
insert into artist(alias_artist) values ("eminem");
insert into artist(alias_artist) values ("gims");
insert into artist(alias_artist) values ("black m");
insert into artist(alias_artist) values ("colonel reyel");
insert into artist(alias_artist) values ("u2");*/

/*insert into music_genre(id_genre,name_genre) values
(1,"Rock"),
(2,"pop"),
(3,"lofi");*/

/*insert into album(id_album,name_album,publication_date_album,id_artist) values 
(1,"Multitude","2022-03-04",1);

insert into album(id_album,name_album,publication_date_album,id_artist) values 
(2,"Evolve","2017-06-23",2);

insert into album(id_album,name_album,publication_date_album,id_artist) values 
(3,"Death of Slim Shady (Coup de Grâce)","2022-07-12",3);*/

/*insert into title(id_title,name_title,time_title,publication_date_title,id_artist,id_album) values 
(1,"Fils de joie","3:15","2022-03-04",1,1);

insert into title(id_title,name_title,time_title,publication_date_title,id_artist,id_album) values 
(2,"Mon amour","2:52","2022-03-04",1,1);

insert into title(id_title,name_title,time_title,publication_date_title,id_artist,id_album) values 
(3,"Believer","3:24","2017-02-01",2,2);

insert into title(id_title,name_title,time_title,publication_date_title,id_artist,id_album) values 
(4,"Thunder","3:07","2017-04-27",2,2);

insert into title(id_title,name_title,time_title,publication_date_title,id_artist,id_album) values 
(5,"Houdini","3:48","2022-07-12",3,3);

insert into title(id_title,name_title,time_title,publication_date_title,id_artist,id_album) values 
(6,"Habits","4:59","2022-07-12",3,3);*/

/*insert into user_type(id_type_user,name_type_user) values 
(1,"Visiteur"),
(2,"Utilisateur"),
(3,"Administrateur");*/

/*insert into users(id_user,Username,password,firstname_user,lastname_user,id_type_user) values
(1,"Froggy","testsql","ugo","quemeneur",2);

insert into users(id_user,Username,password,firstname_user,lastname_user,id_type_user) values
(2,"Rikette","testsql","helene","",1);

insert into users(id_user,Username,password,firstname_user,lastname_user,id_type_user) values
(3,"Heo","testsql","thomas","fouquet",3);*/

/*insert into playlist(id_playlist,name_playlist,id_user,id_title) values 
(1,"random",1,1);*/